<?xml version="1.0"?>
<doc>
    <assembly>
        <name>Microsoft.Azure.SignalR.Common</name>
    </assembly>
    <members>
        <member name="M:Microsoft.Azure.SignalR.DefaultMessageRouter.GetEndpointsForBroadcast(System.Collections.Generic.IEnumerable{Microsoft.Azure.SignalR.ServiceEndpoint})">
            <summary>
            Broadcast to all available endpoints
            </summary>
            <param name="endpoints"></param>
            <returns></returns>
        </member>
        <member name="M:Microsoft.Azure.SignalR.DefaultMessageRouter.GetEndpointsForUser(System.String,System.Collections.Generic.IEnumerable{Microsoft.Azure.SignalR.ServiceEndpoint})">
            <summary>
            Broadcast to all available endpoints
            </summary>
            <param name="userId"></param>
            <param name="endpoints"></param>
            <returns></returns>
        </member>
        <member name="M:Microsoft.Azure.SignalR.DefaultMessageRouter.GetEndpointsForGroup(System.String,System.Collections.Generic.IEnumerable{Microsoft.Azure.SignalR.ServiceEndpoint})">
            <summary>
            Broadcast to all available endpoints
            </summary>
            <param name="groupName"></param>
            <param name="endpoints"></param>
            <returns></returns>
        </member>
        <member name="M:Microsoft.Azure.SignalR.DefaultMessageRouter.GetEndpointsForConnection(System.String,System.Collections.Generic.IEnumerable{Microsoft.Azure.SignalR.ServiceEndpoint})">
            <summary>
            Broadcast to all available endpoints, note that this one is only called when the SDK is not able to identify where the connectionId is.
            When the outcoming connectionId happens to be also connected to this app server, SDK can directly send the messages back to that connectionId
            </summary>
            <param name="connectionId"></param>
            <param name="endpoints"></param>
            <returns></returns>
        </member>
        <member name="M:Microsoft.Azure.SignalR.DefaultMessageRouter.GetNegotiateEndpoints(System.Collections.Generic.IEnumerable{Microsoft.Azure.SignalR.ServiceEndpoint})">
            <summary>
            Only primary endpoints will be returned by client /negotiate
            If no primary endpoint is available, promote one secondary endpoint
            </summary>
            <returns>The availbale endpoints</returns>
        </member>
        <member name="M:Microsoft.Azure.SignalR.IMessageRouter.GetEndpointsForBroadcast(System.Collections.Generic.IEnumerable{Microsoft.Azure.SignalR.ServiceEndpoint})">
            <summary>
            Get the service endpoints for broadcast message to send to
            </summary>
            <param name="endpoints">All the available endpoints</param>
            <returns></returns>
        </member>
        <member name="M:Microsoft.Azure.SignalR.IMessageRouter.GetEndpointsForUser(System.String,System.Collections.Generic.IEnumerable{Microsoft.Azure.SignalR.ServiceEndpoint})">
            <summary>
            Get the service endpoints for the specified user to send to
            </summary>
            <param name="userId">The id of the user</param>
            <param name="endpoints">All the available endpoints</param>
            <returns></returns>
        </member>
        <member name="M:Microsoft.Azure.SignalR.IMessageRouter.GetEndpointsForGroup(System.String,System.Collections.Generic.IEnumerable{Microsoft.Azure.SignalR.ServiceEndpoint})">
            <summary>
            Get the service endpoints for the specified group to send to
            </summary>
            <param name="groupName">The name of the group</param>
            <param name="endpoints">All the available endpoints</param>
            <returns></returns>
        </member>
        <member name="M:Microsoft.Azure.SignalR.IMessageRouter.GetEndpointsForConnection(System.String,System.Collections.Generic.IEnumerable{Microsoft.Azure.SignalR.ServiceEndpoint})">
            <summary>
            Get the service endpoints for the specified connection to send to
            Note that this one is only called when the SDK is not able to identify where the connectionId is.
            When the outcoming connectionId happens to be also connected to this app server, SDK can directly send the messages back to that connectionId
            </summary>
            <param name="connectionId">The id of the connection</param>
            <param name="endpoints">All the available endpoints</param>
            <returns></returns>
        </member>
        <member name="P:Microsoft.Azure.SignalR.ServiceEndpoint.Online">
            <summary>
            Connection == null means no service connection to this endpoint is yet initialized
            When no connection is yet initialized, we consider the endpoint as Online for now, for compatable with current /negotiate behavior
            TODO: improve /negotiate behavior when the server-connection is being established
            </summary>
        </member>
        <member name="T:Microsoft.Azure.SignalR.Common.AzureSignalRAccessTokenTooLongException">
            <summary>
            The exception thrown when AccessToken is too long.
            </summary>
        </member>
        <member name="M:Microsoft.Azure.SignalR.Common.AzureSignalRAccessTokenTooLongException.#ctor">
            <summary>
            Initializes a new instance of the <see cref="T:Microsoft.Azure.SignalR.Common.AzureSignalRAccessTokenTooLongException"/> class.
            </summary>
        </member>
        <member name="M:Microsoft.Azure.SignalR.Common.AzureSignalRAccessTokenTooLongException.#ctor(System.Runtime.Serialization.SerializationInfo,System.Runtime.Serialization.StreamingContext)">
            <summary>
            Initializes a new instance of the <see cref="T:Microsoft.Azure.SignalR.Common.AzureSignalRAccessTokenTooLongException"/> class.
            </summary>
            <param name="info">The <see cref="T:System.Runtime.Serialization.SerializationInfo"/> that holds the serialized object data about the exception being thrown.</param>
            <param name="context">The <see cref="T:System.Runtime.Serialization.StreamingContext"/> that contains contextual information about the source or destination.</param>
            <exception cref="T:System.ArgumentNullException">The <paramref name="info"/> parameter is <c>null</c>.</exception>
            <exception cref="T:System.Runtime.Serialization.SerializationException">The class name is <c>null</c> or <see cref="P:System.Exception.HResult"/> is zero (0).</exception>
        </member>
        <member name="M:Microsoft.Azure.SignalR.Common.AzureSignalRException.#ctor">
            <summary>
            Initializes a new instance of the <see cref="T:Microsoft.Azure.SignalR.Common.AzureSignalRException"/> class.
            </summary>
        </member>
        <member name="M:Microsoft.Azure.SignalR.Common.AzureSignalRException.#ctor(System.String)">
            <summary>
            Initializes a new instance of the <see cref="T:Microsoft.Azure.SignalR.Common.AzureSignalRException"/> class.
            </summary>
        </member>
        <member name="M:Microsoft.Azure.SignalR.Common.AzureSignalRException.#ctor(System.String,System.Exception)">
            <summary>
            Initializes a new instance of the <see cref="T:Microsoft.Azure.SignalR.Common.AzureSignalRException"/> class.
            </summary>
        </member>
        <member name="M:Microsoft.Azure.SignalR.Common.AzureSignalRException.#ctor(System.Runtime.Serialization.SerializationInfo,System.Runtime.Serialization.StreamingContext)">
            <summary>
            Initializes a new instance of the <see cref="T:Microsoft.Azure.SignalR.Common.AzureSignalRException"/> class.
            </summary>
            <param name="info">The <see cref="T:System.Runtime.Serialization.SerializationInfo"/> that holds the serialized object data about the exception being thrown.</param>
            <param name="context">The <see cref="T:System.Runtime.Serialization.StreamingContext"/> that contains contextual information about the source or destination.</param>
            <exception cref="T:System.ArgumentNullException">The <paramref name="info"/> parameter is <c>null</c>.</exception>
            <exception cref="T:System.Runtime.Serialization.SerializationException">The class name is <c>null</c> or <see cref="P:System.Exception.HResult"/> is zero (0).</exception>
        </member>
        <member name="M:Microsoft.Azure.SignalR.Common.AzureSignalRNotConnectedException.#ctor">
            <summary>
            Initializes a new instance of the <see cref="T:Microsoft.Azure.SignalR.Common.AzureSignalRNotConnectedException"/> class.
            </summary>
        </member>
        <member name="M:Microsoft.Azure.SignalR.Common.AzureSignalRNotConnectedException.#ctor(System.Runtime.Serialization.SerializationInfo,System.Runtime.Serialization.StreamingContext)">
            <summary>
            Initializes a new instance of the <see cref="T:Microsoft.Azure.SignalR.Common.AzureSignalRNotConnectedException"/> class.
            </summary>
            <param name="info">The <see cref="T:System.Runtime.Serialization.SerializationInfo"/> that holds the serialized object data about the exception being thrown.</param>
            <param name="context">The <see cref="T:System.Runtime.Serialization.StreamingContext"/> that contains contextual information about the source or destination.</param>
            <exception cref="T:System.ArgumentNullException">The <paramref name="info"/> parameter is <c>null</c>.</exception>
            <exception cref="T:System.Runtime.Serialization.SerializationException">The class name is <c>null</c> or <see cref="P:System.Exception.HResult"/> is zero (0).</exception>
        </member>
        <member name="M:Microsoft.Azure.SignalR.Common.ServiceConnectionNotActiveException.#ctor">
            <summary>
            Initializes a new instance of the <see cref="T:Microsoft.Azure.SignalR.Common.ServiceConnectionNotActiveException"/> class.
            </summary>
        </member>
        <member name="M:Microsoft.Azure.SignalR.Common.ServiceConnectionNotActiveException.#ctor(System.Runtime.Serialization.SerializationInfo,System.Runtime.Serialization.StreamingContext)">
            <summary>
            Initializes a new instance of the <see cref="T:Microsoft.Azure.SignalR.Common.ServiceConnectionNotActiveException"/> class.
            </summary>
            <param name="info">The <see cref="T:System.Runtime.Serialization.SerializationInfo"/> that holds the serialized object data about the exception being thrown.</param>
            <param name="context">The <see cref="T:System.Runtime.Serialization.StreamingContext"/> that contains contextual information about the source or destination.</param>
            <exception cref="T:System.ArgumentNullException">The <paramref name="info"/> parameter is <c>null</c>.</exception>
            <exception cref="T:System.Runtime.Serialization.SerializationException">The class name is <c>null</c> or <see cref="P:System.Exception.HResult"/> is zero (0).</exception>
        </member>
        <member name="F:Microsoft.Azure.SignalR.ServerConnectionType.Default">
            <summary>
            0, Default, it can carry clients, service runtime should always accept this kind of connection
            </summary>
        </member>
        <member name="F:Microsoft.Azure.SignalR.ServerConnectionType.OnDemand">
            <summary>
            1, OnDemand, creating when service requested more connections, it can carry clients, but it may be rejected by service runtime.
            </summary>
        </member>
        <member name="F:Microsoft.Azure.SignalR.ServerConnectionType.Weak">
            <summary>
            2, Weak, it can not carry clients, but it can send message
            </summary>
        </member>
        <member name="M:Microsoft.Azure.SignalR.ServiceConnectionBase.StartAsync(System.String)">
            <summary>
            Start a service connection without the lifetime management.
            To get full lifetime management including dispose or restart, use <see cref="T:Microsoft.Azure.SignalR.ServiceConnectionContainerBase"/>
            </summary>
            <param name="target">The target instance Id</param>
            <returns>The task of StartAsync</returns>
        </member>
        <member name="M:Microsoft.Azure.SignalR.ServiceConnectionContainerBase.StartCoreAsync(Microsoft.Azure.SignalR.IServiceConnection,System.String)">
            <summary>
            Start and manage the whole connection lifetime
            </summary>
            <returns></returns>
        </member>
        <member name="M:Microsoft.Azure.SignalR.ServiceConnectionContainerBase.CreateServiceConnectionCore">
            <summary>
            Create a connection in initialization and reconnection
            </summary>
        </member>
        <member name="M:Microsoft.Azure.SignalR.ServiceConnectionContainerBase.CreateServiceConnectionCore(Microsoft.Azure.SignalR.ServerConnectionType)">
            <summary>
            Create a connection for a specific service connection type
            </summary>
        </member>
    </members>
</doc>
