<?xml version="1.0"?>
<doc>
    <assembly>
        <name>Microsoft.AspNet.SignalR.StackExchangeRedis</name>
    </assembly>
    <members>
        <member name="M:Microsoft.AspNet.SignalR.DependencyResolverExtensions.UseStackExchangeRedis(Microsoft.AspNet.SignalR.IDependencyResolver,System.String,System.Int32,System.String,System.String)">
            <summary>
            Use Redis, through the StackExchange.Redis client, as the messaging backplane for scaling out of ASP.NET SignalR applications in a web farm.
            </summary>
            <param name="resolver">The dependency resolver.</param>
            <param name="server">The Redis server address.</param>
            <param name="port">The Redis server port.</param>
            <param name="password">The Redis server password.</param>
            <param name="eventKey">The Redis event key to use.</param>
            <returns>The dependency resolver.</returns>
        </member>
        <member name="M:Microsoft.AspNet.SignalR.DependencyResolverExtensions.UseStackExchangeRedis(Microsoft.AspNet.SignalR.IDependencyResolver,Microsoft.AspNet.SignalR.RedisScaleoutConfiguration)">
            <summary>
            Use Redis, through the StackExchange.Redis client, as the messaging backplane for scaling out of ASP.NET SignalR applications in a web farm.
            </summary>
            <param name="resolver">The dependency resolver</param>
            <param name="configuration">The Redis scale-out configuration options.</param> 
            <returns>The dependency resolver.</returns>
        </member>
        <member name="T:Microsoft.AspNet.SignalR.StackExchangeRedis.RedisMessageBus">
            <summary>
            Uses Redis pub-sub to scale-out SignalR applications in web farms.
            </summary>
        </member>
        <member name="T:Microsoft.AspNet.SignalR.StackExchangeRedis.Resources">
            <summary>
              A strongly-typed resource class, for looking up localized strings, etc.
            </summary>
        </member>
        <member name="P:Microsoft.AspNet.SignalR.StackExchangeRedis.Resources.ResourceManager">
            <summary>
              Returns the cached ResourceManager instance used by this class.
            </summary>
        </member>
        <member name="P:Microsoft.AspNet.SignalR.StackExchangeRedis.Resources.Culture">
            <summary>
              Overrides the current thread's CurrentUICulture property for all
              resource lookups using this strongly typed resource class.
            </summary>
        </member>
        <member name="P:Microsoft.AspNet.SignalR.StackExchangeRedis.Resources.Error_EndOfStreamRedis">
            <summary>
              Looks up a localized string similar to Encountered an error while reading a message sent over Redis..
            </summary>
        </member>
        <member name="P:Microsoft.AspNet.SignalR.StackExchangeRedis.Resources.Error_RedisConnectionClosed">
            <summary>
              Looks up a localized string similar to Redis connection closed unexpectedly..
            </summary>
        </member>
        <member name="P:Microsoft.AspNet.SignalR.StackExchangeRedis.Resources.Error_RedisConnectionNotStarted">
            <summary>
              Looks up a localized string similar to Redis connection not started..
            </summary>
        </member>
        <member name="T:Microsoft.AspNet.SignalR.RedisScaleoutConfiguration">
            <summary>
            Settings for the Redis scale-out message bus implementation.
            </summary>
        </member>
        <member name="P:Microsoft.AspNet.SignalR.RedisScaleoutConfiguration.ConnectionString">
            <summary>
            The connection string that needs to be passed to ConnectionMultiplexer
            Should be of the form server:port
            </summary>
        </member>
        <member name="P:Microsoft.AspNet.SignalR.RedisScaleoutConfiguration.Database">
            <summary>
            The Redis database instance to use.
            Defaults to 0.
            </summary>
        </member>
        <member name="P:Microsoft.AspNet.SignalR.RedisScaleoutConfiguration.EventKey">
            <summary>
            The Redis event key to use.
            </summary>
        </member>
    </members>
</doc>
